Charlotte;Zimmermann;f;Zug;59;45660;
Maximilian;Michaelis;m;Solothurn;22;72265;
Dorothea;Gottschalk;f;Volketswil;35;65210;
Christopher;Büchner;m;Genf;65;43317;
Valentino;Hannemann;m;Horw;64;85553;
Giuseppe;Schumacher;m;Brugg;28;64004;
Theresa;Schumacher;f;Herisau;21;85512;
Kimberly;Schindler;f;Freiburg;29;42721;
Annalena;Schilling;f;Uster;52;97727;
Christina;Böttcher;f;Yverdon-les-Bains;56;92817;
Julina;Fleischmann;f;Thalwil;21;88452;
Violetta;Engelmann;f;Langenthal;25;48664;
Kimberley;Hagemann;f;Thun;69;41052;
Alexander;Eckhardt;m;Morges;31;51606;
Johannes;Trautmann;m;Gland;69;64885;
Richard;Schleicher;m;Baar;35;65947;
Leandro;Friedrichs;m;Aarau;28;41451;
Frederik;Kirchhoff;m;Bulle;23;46209;
Jeremy;Kretzschmar;m;Pully;68;73265;
Ferdinand;Schüller;m;Schwyz;23;45006;
Leonardo;Buschmann;m;Delsberg;38;75813;
Eduard;Morgenstern;m;Frauenfeld;35;98769;
Fabrizio;Schneider;m;Adliswil;21;49485;
Cornelius;Schröder;m;Herisau;22;91916;
Youssef;Zimmermann;m;Binningen;39;88973;
Josephine/;Peters;f;Kloten;70;99159;
Elisabeth;Seifert;f;Rüti;70;72726;
Valentina;Lindner;f;Rheinfelden;31;90679;
Alexandra;Förster;f;Weinfelden;22;92653;
Felicitas;Stephan;f;Aarau;32;99373;
Veronika;Bachmann;f;Nyon;35;46892;
Henriette;Brunner;f;Bülach;25;67579;
Holly;Hildebrandt;f;Davos;69;99585;
Charlotta;Philipp;f;Bulle;21;62996;
Cecilia;Lindemann;f;Thônex;21;42616;
Josephina;Wiegand;f;Oftringen;33;42464;
Laureen;Schweizer;f;Emmen;21;59521;
Belinay;Hentschel;f;Renens;58;52938;
Lieselotte;Albers;f;Pully;22;99037;
Polly;Baumgartner;f;Martigny;49;92623;
Annabella;Geisler;f;Schwyz;27;43359;
Louisa;Winkelmann;f;Rheinfelden;22;98378;
Stephanie;Schober;f;Reinach;69;44443;
Benjamin;Heitmann;m;Ebikon;23;41559;
Marvin;Westermann;m;Rapperswil-Jona;33;88799;
Christian;Clemens;m;Carouge;38;99011;
Dennis;Baumeister;m;Thalwil;56;89178;
Henrik;Schweitzer;m;Freienbach;22;42666;
Leonhard;Eckstein;m;Buchs;59;99071;
Janosch;Rupprecht;m;Siders;63;99392;
Angelo;Armbruster;m;Oberwil;21;48680;
Nicolai;Drechsler;m;Luzern;41;41164;
Melvin;Sommerfeld;m;Nyon;56;99393;
Frederic;Kaufmann;m;Wil;40;82670;
Stephan;Schilling;m;Herisau;68;97797;
Hannah;Schneider;f;Basel;70;98403;
Johanna;Schröder;f;Uster;67;83391;
Jasmin;Friedrich;f;Pully;25;41157;
Pauline;Schuster;f;Solothurn;42;71502;
Magdalena;Franke;f;Opfikon;60;99315;
Helene;Schreiber;f;Arbon;32;46719;
Anastasia;Wenzel;f;Ecublens;67;89022;
Rebekka;Petersen;f;Köniz;53;92558;
Valerie;Kirchner;f;Pully;54;98321;
Marina;Ackermann;f;Versoix;70;89891;
Selin;Engelhardt;f;Münchenstein;24;98054;
Valeria;Bischoff;f;Delsberg;21;98982;
Madeleine;Hennig;f;Aesch;58;96250;
Aleyna;Marquardt;f;Köniz;27;89616;
Janina;Wiedemann;f;Frauenfeld;21;53404;
Penelope;Wegener;f;Pfäffikon;60;46962;
Charleen;Schüler;f;Chêne-Bougeries;22;40607;
Betty;Wunderlich;f;Biel/Bienne;61;58645;
Sabrina;Eichhorn;f;Wetzikon;46;51403;
Saphira;Steffens;f;Wil;21;70717;
Philippa;Jürgens;f;Schlieren;54;56814;
Frederike;Sauter;f;Liestal;44;77077;
Mieke;Kretschmer;f;Uzwil;21;63641;
Wiebke;Steinbach;f;Brig-Glis;26;99472;
Sofie;Neugebauer;f;Zollikon;41;80428;
Frida;Brüggemann;f;Villars-sur-Glâne;66;97651;
Caroline;Frenzel;f;Genf;21;98365;
Linnea;Schürmann;f;Uster;45;71527;
Chayenne;Petzold;f;Rapperswil-Jona;21;56033;
Lillian;Dittmann;f;Meyrin;21;57688;
Kassandra;Wittig;f;Horgen;41;47861;
Raphaela;Klinger;f;Muttenz;28;82763;
Rafael;Leonhardt;m;Wallisellen;21;52098;
Jonathan;Matthes;m;Oftringen;23;72715;
Constantin;Claus;m;Bassersdorf;41;93073;
Sebastian;Jensen;m;Ittigen;70;41576;
Valentin;Stenzel;m;Belp;21;40882;
Kilian;Schönfeld;m;Luzern;69;45798;
Gabriel;Pohlmann;m;Freiburg;69;87707;
Manuel;Brockmann;m;Nyon;68;56593;
Ludwig;Schwarzer;m;Martigny;70;74938;
Jasper;Oppermann;m;Morges;39;48390;
Maurice;Steinert;m;Meilen;21;47631;
Laurens;Heckmann;m;Amriswil;21;91495;
Markus;Grundmann;m;Rheinfelden;50;63371;
Leander;Knobloch;m;Bassersdorf;22;76924;
Mehmet;Obermeier;m;Winterthur;44;98438;
Victor;Schmidtke;m;Köniz;40;84505;
Nathan;Burghardt;m;Baden;69;87500;
Ibrahim;Gottwald;m;Martigny;67;40607;
Emanuel;Schiffer;m;Uzwil;52;97134;
Elian;Kellermann;m;Davos;70;43483;
Furkan;Tiedemann;m;Affoltern;22;90755;
Rico;Schuhmacher;m;Genf;62;98408;
Joscha;Dieckmann;m;Winterthur;26;93333;
Ilja;Rosenberger;m;Vevey;45;99433;
Adriano;Schubert;m;Mendrisio;37;62375;
August;Friedrich;m;Worb;22;92898;
Fridolin;Winkler;m;Affoltern;59;40641;
Nathanael;Franke;m;Zofingen;70;51700;
Riccardo;Walther;m;Illnau-Effretikon;29;51941;
Joseph;Schindler;m;Ostermundigen;67;57773;
Leonie;Hoffmann;f;Thun;52;41741;
Marlene;Schulze;f;Bulle;22;92349;
Katharina;Frank;f;Thalwil;60;42810;
Antonia;Winkler;f;Monthey;36;97222;
Franziska;Jäger;f;Langenthal;70;40600;
Annabell;Brandt;f;Thônex;22;46863;
Vanessa;Schulte;f;Horw;35;44373;
Rosalie;Wilhelm;f;Altstätten;58;42961;
Angelina;Zimmer;f;Hinwil;45;99524;
Mariella;Eckert;f;Lugano;25;42027;
Samantha;Thiele;f;Zug;40;98617;
Evelyn;Fröhlich;f;Dietikon;67;95299;
Zeynep;Beckmann;f;Carouge;68;96823;
Helen;Brinkmann;f;Freienbach;60;93009;
Cheyenne;Rieger;f;Cham;25;52724;
Aurora;Buchholz;f;Ebikon;43;97626;
Florentine;Bach;f;Lyss;47;45232;
Annelie;Bartsch;f;Gland;23;70551;
Hermine;Freitag;f;Chêne-Bougeries;63;40955;
Madlen;Neubauer;f;Bern;41;86062;
Mariam;Westphal;f;Winterthur;22;43778;
Jennifer;Conrad;f;Rapperswil-Jona;70;88258;
Jasmina;Metzger;f;Horgen;64;98411;
Mathilde;Herbst;f;Onex;36;42608;
Patricia;Probst;f;Schlieren;54;73471;
Delia;Burkhardt;f;Grenchen;69;91982;
Friederike;Hess;f;Freienbach;22;98946;
Cassandra;Heine;f;Siders;25;44885;
Ceyda;Bernhardt;f;Herisau;25;86620;
Annemarie;Krauß;f;Liestal;64;54908;
Stefanie;Janßen;f;Meilen;68;42484;
Alara;Heinemann;f;Altstätten;55;44326;
Jamila;Feldmann;f;Hinwil;25;98645;
Eleonora;Völker;f;Chur;21;40380;
Abigail;Forster;f;Riehen;21;42393;
Lavin;Eberhardt;f;Horgen;57;78158;
Leevke;Schaller;f;Horw;31;40864;
Matilda;Schnell;f;Mendrisio;27;99458;
Viktoria;Siegel;f;Davos;70;51117;
Yasmin;Hinrichs;f;Ittigen;70;72094;
Karlotta;Junker;f;Pfäffikon;38;62853;
Annabelle;Prinz;f;Männedorf;65;45444;
Nathalie;Endres;f;Neuenburg;21;96992;
Madleen;Sattler;f;Wettingen;69;64253;
Maryam;Reichelt;f;Carouge;70;98168;
Catrin;Bernhard;f;Bülach;69;46478;
Oskar;Fritzsche;m;Wohlen;23;43992;
Mats;Rademacher;m;Thônex;57;41578;
Adrian;Ehrhardt;m;Richterswil;64;40546;
Marlon;Augustin;m;Rüti;44;98362;
Samuel;Hellmann;m;Münchenstein;58;50182;
Nils;Hildebrand;m;Delsberg;66;99194;
Joshua;Heilmann;m;Männedorf;21;93851;
Dominic;Hellwig;m;Oberwil;28;99235;
Benedikt;Hertel;m;Le;33;96338;
Damian;Reinhard;m;Zürich;23;82741;
Bennet;Borchert;m;Köniz;24;55795;
Lasse;Schroeder;m;Lancy;38;50115;
Oliver;Schwarze;m;Kriens;28;94688;
Pascal;Nitschke;m;Monthey;21;87655;
Clemens;Lehnert;m;Siders;21;55904;
Lio;Baumgärtner;m;Cham;66;94769;
Bela;Burmeister;m;Stäfa;36;41476;
Friedrich;David;m;Horw;24;41232;
Benno;Mühlbauer;m;Mendrisio;67;58130;
Korbinian;Tietz;m;Oberwil;30;98380;
Alessandro;Helm;m;Weinfelden;53;98268;
Stefan;Fritsche;m;Carouge;26;80996;
Jerome;Scheller;m;Horgen;35;92599;
Andre;Wieczorek;m;Wil;44;98559;
Emin;Lauterbach;m;Pully;22;40490;
Mio;Heidenreich;m;Steffisburg;64;42238;
Albert;Volkmann;m;Pratteln;61;80512;
Emre;Baumgarten;m;Binningen;30;90197;
Leonidas;Schaub;m;Schwyz;66;65638;
Giuliano;Sachse;m;Muri;63;92199;
Umut;Hillebrand;m;Brig-Glis;67;80375;
Arvid;Grünewald;m;Zollikon;21;98209;
Darius;Kowalski;m;Rüti;43;60928;
Dustin;Thiemann;m;Rheinfelden;21;99468;
Quentin;Bormann;m;Pfäffikon;69;60535;
Ramon;Stratmann;m;Neuenburg;21;40510;
Taylan;Spengler;m;Uster;30;42687;
Joost;Grabowski;m;Meyrin;69;64396;
Alexandros;Roth;m;Prilly;64;97963;
Quirin;Albrecht;m;Arth;35;77221;
Aurel;Schreiber;m;Basel;57;88800;
Niclas;Pfeiffer;m;Sitten;69;63720;
Raphael;Lindner;m;Zug;46;92355;
Konstantin;Kern;m;Meyrin;21;83231;
Muhammad;Riedel;m;Kreuzlingen;21;86441;
Klaas;Reinhardt;m;Locarno;37;45211;
Thiago;Fröhlich;m;Wallisellen;21;44204;
Sophie;Richter;f;Chur;21;40725;
Mathilda;Huber;f;Wettingen;70;82338;
Selina;Ziegler;f;Liestal;39;40744;
Maila;Dietrich;f;Versoix;70;45871;
Fabienne;Engel;f;Muri;21;90116;
Aylin;Bergmann;f;Glarus;21;50673;
Elina;Pfeiffer;f;Küssnacht;21;51915;
Aaliyah;Jansen;f;Worb;21;95822;
Diana;Kaufmann;f;Chêne-Bougeries;57;40730;
Carolina;Haase;f;Birsfelden;69;94827;
Michelle;Kruse;f;Aesch;59;49067;
Tabea;Schumann;f;Möhlin;30;46599;
Celine;Fiedler;f;Veyrier;23;40715;
Marleen;Michel;f;Lausanne;49;41359;
Emmi;Reinhardt;f;Sitten;21;89972;
Larissa;Gruber;f;Kriens;70;40710;
Natalie;Herzog;f;Wetzikon;27;40760;
Giulia;Rudolph;f;Riehen;70;61354;
Liliana;Bender;f;Bulle;63;44948;
Medina;Steiner;f;Baden;23;45168;
Dilara;Schultz;f;Adliswil;63;63332;
Estelle;Ulrich;f;Monthey;70;45864;
Maira;Reichert;f;Schlieren;70;99021;
Tamina;Naumann;f;Ostermundigen;66;42534;
Melanie;Körner;f;Locarno;35;50979;
Alena;Schlüter;f;Langenthal;32;54353;
Madita;Reimann;f;Horw;38;76388;
Marlena;Hirsch;f;Uzwil;34;56247;
Janne;Schiller;f;Muri;27;73724;
Melinda;Menzel;f;Glarus;49;46137;
Freya;Gebhardt;f;Spreitenbach;58;72101;
Lilian;Siebert;f;Val-de-Travers;47;64513;
Adriana;Ahrens;f;Neuenburg;21;45887;
Miray;Fuhrmann;f;Emmen;49;69018;
Malea;Dittrich;f;Kloten;64;50848;
Marieke;Albert;f;Wil;21;97283;
Shania;Fritsch;f;Pully;67;59484;
Malou;Schrader;f;Monthey;45;44561;
Bianca;Martens;f;Martigny;63;44505;
Inga;Fleischer;f;Villars-sur-Glâne;23;60963;
Salome;Kessler;f;Le;34;99591;
Alessa;Meister;f;Veyrier;21;43210;
Christin;Stock;f;Zürich;61;57119;
Natalia;Jacobs;f;Winterthur;23;41218;
Davina;Schütte;f;Thun;26;66684;
Gloria;Sonntag;f;Neuenburg;21;98715;
Katrin;Bittner;f;Lancy;33;92439;
Leonora;Keßler;f;Yverdon-les-Bains;36;91386;
Joanna;Hartwig;f;Allschwil;48;50798;
Melike;Lechner;f;Reinach;51;80604;
Amanda;Pietsch;f;Gossau;64;89025;
Sarina;Gabriel;f;Herisau;70;42487;
Yasmina;Singer;f;Cham;41;80910;
Fina;Scheffler;f;Arbon;30;70068;
Mareike;Hempel;f;Versoix;35;98906;
Stine;Springer;f;Meilen;69;99519;
Alicja;Michels;f;Richterswil;48;97850;
Anneke;Barthel;f;Oftringen;21;66781;
Klara;Wichmann;f;Delsberg;70;88359;
Joelina;Koller;f;Birsfelden;65;47436;
Aliya;Drescher;f;Le;22;52930;
Lenya;Schirmer;f;Veyrier;69;55950;
Vivienne;Faber;f;Zürich;28;42405;
Layla;Hausmann;f;Biel/Bienne;35;44220;
Nahla;Gerhardt;f;Köniz;21;87583;
Jessica;Eberle;f;Sitten;67;87054;
Maylin;Sievers;f;Wetzikon;22;63799;
Josephin;Faust;f;Baar;21;40641;
Mayleen;Cordes;f;Kloten;36;66059;
Kristin;Harder;f;Onex;22;85381;
Philipp;Melzer;m;Herisau;21;93099;
Erik;Schlosser;m;Stäfa;40;48649;
Liam;Horstmann;m;Uzwil;21;96797;
Till;Steinmetz;m;Küssnacht;27;44570;
Carl;Heinrichs;m;Prilly;55;41583;
Lennox;Heimann;m;Worb;21;99592;
Mattis;Nitsche;m;Davos;42;99473;
Leonard;Vogler;m;Affoltern;70;80490;
Justus;Hornung;m;Möhlin;29;98338;
Jamie;Sperling;m;Bern;61;43434;
Lian;Teichmann;m;Winterthur;21;79844;
Emir;Schweiger;m;Dietikon;22;89856;
Leopold;Engler;m;Wetzikon;25;98991;
Matti;Kaminski;m;Wädenswil;25;65313;
Jannes;Liedtke;m;Renens;64;44783;
Tristan;Wessel;m;Kreuzlingen;60;40878;
Nicolas;Starke;m;Bellinzona;61;96602;
Matthias;Korte;m;Muttenz;22;98910;
Nikita;Bischof;m;Grenchen;26;96721;
Lionel;Seemann;m;Illnau-Effretikon;67;41373;
Maik;Kirschner;m;Wohlen;22;49152;
Konrad;Kastner;m;Wallisellen;70;44146;
Julien;Seibert;m;Thônex;38;87738;
Berat;Diekmann;m;Muri;55;74770;
Laurin;Buchner;m;Ebikon;68;63127;
Henning;Kugler;m;Arth;42;54211;
Amir;Ostermann;m;Zürich;21;63938;
Charlie;Jacobi;m;Lausanne;66;40892;
Joris;Spindler;m;Thun;69;48277;
Christoph;Kock;m;Chur;33;67494;
Hamza;Berthold;m;Dietikon;50;94942;
Bjarne;Bastian;m;Wädenswil;23;97092;
Sascha;Weinert;m;Kreuzlingen;30;54925;
Steven;Hanisch;m;Thalwil;65;41066;
Etienne;Merten;m;Schlieren;68;56434;
Armin;Niemeyer;m;Illnau-Effretikon;26;62194;
Kerem;Heidrich;m;Ostermundigen;68;75104;
Marian;Böttger;m;Langenthal;37;99084;
Anthony;Knauer;m;Cham;60;79775;
Mattes;Ebeling;m;Küssnacht;69;57161;
Vince;Hölscher;m;Ebikon;70;99043;
Milian;Ehrlich;m;Altstätten;70;76138;
Samir;Fichtner;m;Weinfelden;21;60747;
Jannek;Mangold;m;Aesch;70;48313;
Tjark;Reinecke;m;Basel;69;96609;
Iven;Johannsen;m;Bern;48;41824;
Rocco;Emmerich;m;Lugano;64;59154;
Sandro;Wallner;m;Vernier;64;58569;
Francesco;Merk;m;Lancy;29;80615;
Gianluca;Rogge;m;Wetzikon;23;59505;
Eray;Petermann;m;Aarau;70;40929;
Hauke;Buchmann;m;Bulle;21;64041;
Keno;Habermann;m;Bellinzona;24;98958;
Milow;Schreier;m;Thalwil;51;72750;
Talha;Hoffmann;m;Illnau-Effretikon;50;97404;
Tizian;Schäfer;m;Opfikon;68;98377;
Dorian;Neumann;m;Locarno;28;99484;
Levent;Schmitz;m;Liestal;65;88206;
Yigit;Herrmann;m;Meilen;65;71919;
Batuhan;Köhler;m;Spiez;29;98217;
Severin;Keller;m;Delsberg;38;95984;
Hüseyin;Lorenz;m;Bassersdorf;44;97053;
Salvatore;Pohl;m;Köniz;68;61471;
Lucas;Bergmann;m;Vernier;38;98361;
Lennart;Kramer;m;Dübendorf;69;92672;
Nikolas;Zimmer;m;Onex;21;60343;
Domenik;Reuter;m;Burgdorf;27;57573;
Thorben;Sander;m;Pratteln;48;68120;
Hasan;Böttcher;m;Morges;47;80058;
Sofia;Fischer;f;Lausanne;31;90227;
Emilia;Wagner;f;Luzern;48;90790;
Emily;Schäfer;f;Köniz;47;70850;
Laura;Neumann;f;Sitten;21;64592;
Clara;Schmitt;f;Kriens;50;78178;
Leni;Hartmann;f;Rapperswil-Jona;22;54979;
Greta;Lehmann;f;Wädenswil;66;95419;
Frieda;Köhler;f;Kreuzlingen;30;40395;
Victoria;Weiß;f;Vevey;59;43584;
Helena;Möller;f;Gossau;32;72985;
Isabella;Hahn;f;Onex;26;74740;
Mara;Schubert;f;Bellinzona;24;77213;
Annika;Lorenz;f;Schlieren;36;63300;
Fiona;Baumann;f;Martigny;33;81555;
Luna;Albrecht;f;Siders;31;43710;
Carlotta;Haas;f;Schwyz;34;46283;
Romy;Heinrich;f;Stäfa;52;94154;
Alissa;Kramer;f;Delsberg;38;91225;
Luana;Hermann;f;Affoltern;55;95262;
Vivien;Hansen;f;Spreitenbach;70;42870;
Leticia;Thiel;f;Zürich;21;62489;
Liana;Walther;f;Thun;23;99481;
Alicia;Sander;f;Vernier;33;87321;
Noemi;Schramm;f;Rapperswil-Jona;22;99164;
Amelia;Maurer;f;Meyrin;22;65330;
Xenia;Scherer;f;Vevey;23;91503;
Jessika;Moser;f;Bellinzona;42;49814;
Cataleya;Fink;f;Muttenz;21;98634;
Naila;Ullrich;f;Thalwil;28;57607;
Alexa;Löffler;f;Olten;70;90856;
Joline;Breuer;f;Solothurn;67;40961;
Elise;Gerlach;f;Grenchen;68;72779;
Esma;Schröter;f;Schwyz;70;81509;
Leandra;Krebs;f;Einsiedeln;22;73204;
Ylvi;Wittmann;f;Thônex;22;41260;
Josefin;Weiss;f;Affoltern;31;41012;
Felina;Fricke;f;Oberwil;40;42053;
Mathea;Nickel;f;Brugg;67;97180;
Eda;Schreiner;f;Veyrier;67;61316;
Kate;Brückner;f;Basel;21;51197;
Lilith;Decker;f;Lausanne;33;94464;
Edda;Schlegel;f;Freiburg;60;44265;
Jolien;Kremer;f;Chur;26;53430;
Ilayda;Pieper;f;Sitten;70;79188;
Ellen;Krieger;f;Montreux;61;42329;
Liara;Mertens;f;Meyrin;28;97226;
Juliana;Esser;f;Wädenswil;28;42729;
Juliane;Hanke;f;Wettingen;24;87372;
Smilla;Miller;f;Renens;40;86083;
Adelina;Bader;f;Gossau;31;99039;
Melisa;Kröger;f;Volketswil;21;53416;
Philine;Harms;f;Thalwil;60;59346;
Cora;Großmann;f;Regensdorf;22;99077;
Giuliana;Mayr;f;Illnau-Effretikon;65;97918;
Melody;Reiter;f;Wohlen;65;74664;
Ellie;Niemann;f;Versoix;27;68329;
Sidney;Wetzel;f;Gland;22;40847;
Marisa;Jordan;f;Affoltern;22;46537;
Zümra;Hohmann;f;Männedorf;49;99573;
Beyza;Geißler;f;Oberwil;21;50216;
Henrieke;Raab;f;Weinfelden;21;98876;
Mirja;Neubert;f;Belp;21;87486;
Evelina;Römer;f;Genf;36;58308;
Kiana;Altmann;f;Lausanne;70;98253;
Line;Behrendt;f;Bern;32;41219;
Judith;Bühler;f;Vernier;64;59593;
Julika;Gerber;f;Uster;48;96727;
Käthe;Kellner;f;Sitten;21;49472;
Lisbeth;Hagen;f;Zug;31;40983;
Ariana;Scharf;f;Carouge;48;42363;
Ariane;Brandl;f;Onex;44;43429;
Emina;Bertram;f;Bellinzona;55;49388;
Feline;Ehlers;f;Muttenz;22;99236;
Clarissa;Dorn;f;Opfikon;22;40401;
Serafina;Auer;f;Locarno;66;80572;
Anita;Schütze;f;Wohlen;56;55019;
Sophia;Kohler;f;Amriswil;21;93657;
Emilie;Radtke;f;Ebikon;42;97303;
Neele;Gebauer;f;Lyss;34;63369;
Eileen;Rother;f;Hinwil;70;81760;
Elly;Schnabel;f;Lausanne;24;99462;
Karolina;Dürr;f;Winterthur;43;70860;
Letizia;Kranz;f;Luzern;26;80275;
Marlen;Kasper;f;Lugano;67;47689;
Karina;Eggert;f;Emmen;63;40764;
Joeline;Finke;f;Zug;68;76727;
Thalia;Wehner;f;Riehen;65;42177;
Mattea;Kilian;f;Wädenswil;33;92686;
Thalea;Bremer;f;Aarau;21;52711;
Josefina;Maaß;f;Vevey;68;82027;
Luzie;Ullmann;f;Volketswil;43;44708;
Luca;Biermann;m;Pully;69;84498;
Finn;Schaefer;m;Adliswil;21;91275;
Moritz;Eggers;m;Steffisburg;25;76768;
Niklas;Sieber;m;Pratteln;50;85994;
Fabian;Helbig;m;Schwyz;70;98685;
Jannik;Rudolf;m;Horw;36;40558;
Hannes;Dreher;m;Meilen;67;46356;
Vincent;Junge;m;Brig-Glis;22;40725;
Mohammed;Huth;m;Weinfelden;70;40926;
Robin;Strauch;m;Birsfelden;58;89062;
Jayden;Böhmer;m;Aesch;70;42511;
Bastian;Mader;m;Uster;43;41255;
Theodor;Schuh;m;Wettingen;70;92193;
Marcel;Eisele;m;Allschwil;23;80327;
Diego;Ulbrich;m;Kloten;70;81311;
Michel;Scheer;m;Bülach;31;95808;
Ilias;Wagener;m;Volketswil;31;98661;
Finnley;Grote;m;Regensdorf;63;93240;
Emilian;Lohse;m;Locarno;24;49453;
Thomas;Wendel;m;Einsiedeln;67;76116;
Marius;Daniel;m;Arbon;25;90134;
Hendrik;Menke;m;Liestal;48;68045;
Andreas;Klatt;m;Spiez;70;40502;
Taylor;Wörner;m;Brig-Glis;27;41006;
Kevin;Wolters;m;Richterswil;25;41825;
Alessio;Fürst;m;Oftringen;68;95996;
Patrick;Wilde;m;Küssnacht;22;42541;
Justin;Heider;m;Rüti;70;46244;
Carlo;Schwabe;m;Lyss;68;88719;
Devin;Schauer;m;Prilly;69;82727;
Ryan;Baumgart;m;Spreitenbach;34;47079;
Carlos;Schell;m;Chêne-Bougeries;24;52541;
Jonte;Brüning;m;Brugg;53;63185;
Antonio;Heyer;m;Le;40;41513;
Brian;Steinke;m;Veyrier;65;47319;
Thilo;Häusler;m;Basel;68;98473;
Damien;Heuser;m;Bern;21;49942;
Darian;Hermes;m;Schaffhausen;33;40490;
Josef;Kreuzer;m;Freiburg;21;87782;
Mick;Hagedorn;m;Sitten;26;73066;
Kjell;Weiland;m;Emmen;32;98606;
Torben;Jakobs;m;Baar;58;54268;
Leonas;Mahler;m;Reinach;69;96158;
Tino;Schwartz;m;Gossau;70;42367;
William;Thies;m;Onex;62;47441;
Lean;Gehrmann;m;Olten;68;90121;
Timon;Gehring;m;Grenchen;56;40432;
Wilhelm;Mende;m;Burgdorf;38;46391;
Ensar;Eckardt;m;Stäfa;69;80943;
Danny;Seidler;m;Versoix;21;40421;
Marten;Sailer;m;Gland;60;47065;
James;Ortmann;m;Prilly;57;80034;
Karim;Schaper;m;Münsingen;53;87070;
Alwin;Schröer;m;Männedorf;45;88293;
Yassin;Thelen;m;Hinwil;70;72618;
Sven;Rauscher;m;Biel/Bienne;69;40667;
Koray;Wächter;m;Chur;59;99461;
Davin;Metzner;m;Sitten;28;65178;
Omar;Kammerer;m;Kriens;32;99544;
Taha;Kleinert;m;Dübendorf;46;98781;
Thies;Paulsen;m;Carouge;68;40946;
Flynn;Küppers;m;Allschwil;25;82834;
Jon;Reichardt;m;Kloten;69;81597;
Santino;Ewert;m;Pully;28;67825;
Burak;Schmidt;m;Regensdorf;51;85544;
Aidan;Richter;m;Steffisburg;69;46780;
Hagen;Schwarz;m;Langenthal;69;67952;
Quinn;Hofmann;m;Morges;21;40454;
Benny;Schmitt;m;Wohlen;49;71791;
Bent;Hartmann;m;Schwyz;68;99486;
Sören;Lehmann;m;Versoix;58;98441;
Stanley;Huber;m;Uzwil;64;93675;
Rüzgar;Scholz;m;Rüti;70;82833;
Santiago;Hahn;m;Münchenstein;57;42557;
Dejan;Günther;m;Davos;21;96081;
Davide;Ludwig;m;Männedorf;24;93843;
Amon;Heinrich;m;Zürich;65;98644;
Andrej;Seidel;m;Genf;67;41397;
Bosse;Ziegler;m;Lausanne;27;97050;
Demian;Brandt;m;Bern;33;86135;
Joey;Dietrich;m;Lugano;39;52027;
Yannik;Hübner;m;Rapperswil-Jona;62;97935;
Mathis;Jansen;m;Baar;69;73607;
Collin;Wenzel;m;Wädenswil;22;62381;
Lenni;Hermann;m;Wettingen;62;40726;
Jaden;Wilhelm;m;Aarau;68;60616;
Ilyas;Förster;m;Gossau;64;47306;
Klemens;Kruse;m;Bellinzona;36;53913;
Meik;Schumann;m;Thalwil;56;44005;
Laurenz;Hoppe;m;Regensdorf;22;46232;
Charly;Schütz;m;Freienbach;38;93832;
Kurt;Petersen;m;Opfikon;45;88460;
Elijah;Gruber;m;Wohlen;21;95151;
Emma;Schmidt;f;Genf;39;43416;
Marie;Becker;f;Lugano;24;50202;
Nele;Schwarz;f;Lancy;62;48312;
Maja;Hofmann;f;Yverdon-les-Bains;70;97554;
Sarah;Krüger;f;Dübendorf;40;84740;
Lisa;Schmitz;f;Wetzikon;69;52481;
Melina;Mayer;f;Carouge;44;40619;
Zoe;Herrmann;f;Renens;70;40631;
Emely;Kaiser;f;Nyon;56;78384;
Finja;Scholz;f;Wil;58;98318;
Isabell;Jung;f;Baden;46;40431;
Elisa;Keller;f;Bülach;70;98388;
Lucy;Günther;f;Regensdorf;28;41881;
Luise;Berger;f;Adliswil;22;43911;
Merle;Winter;f;Ostermundigen;25;41430;
Carla;Ludwig;f;Steffisburg;27;41302;
Maria;Martin;f;Burgdorf;22;85337;
Melissa;Vogt;f;Locarno;21;41872;
Martha;Stein;f;Cham;25;64304;
Ronja;Sommer;f;Wohlen;44;41516;
Paulina;Kuhn;f;Küsnacht;67;92307;
Miriam;Sauer;f;Brig-Glis;23;98319;
Leila;Arnold;f;Richterswil;69;99019;
Linda;Thomas;f;Oftringen;66;41247;
Samira;Busch;f;Amriswil;34;85020;
Jolina;Voigt;f;Ebikon;21;92151;
Olivia;Franz;f;Gland;23;43163;
Lenja;Riedel;f;Münsingen;27;43562;
Carolin;Lenz;f;Arth;24;82844;
Amalia;Fritz;f;Winterthur;21;71129;
Joleen;Arndt;f;Luzern;70;78593;
Laila;Schütz;f;Biel/Bienne;64;71201;
Alessia;Berg;f;Schaffhausen;66;59498;
Nelly;Reuter;f;Neuenburg;30;90703;
Aurelia;Frey;f;Lancy;68;72644;
Lorena;Nowak;f;Wädenswil;68;95118;
Fenja;Geiger;f;Wettingen;59;86801;
Nisa;Gärtner;f;Horgen;21;98325;
Jara;Behrens;f;Reinach;60;48774;
Carina;Heinz;f;Regensdorf;54;40702;
Daria;Schwab;f;Martigny;59;85893;
Bella;Schenk;f;Pratteln;70;99112;
Leana;Binder;f;Herisau;43;82995;
Meryem;Jakob;f;Wohlen;64;99552;
Livia;Wegner;f;Stäfa;62;40593;
Selma;Heller;f;Wallisellen;46;73660;
Ashley;Unger;f;Küsnacht;23;59125;
Alea;Pfeifer;f;Amriswil;65;50619;
Amilia;Sturm;f;Küssnacht;66;41481;
Elin;Meißner;f;Rüti;64;99469;
Enya;Janssen;f;Rheinfelden;70;96334;
Flora;Vetter;f;Buchs;21;50374;
Lenia;Kiefer;f;Bassersdorf;35;65257;
Alice;Köster;f;Arth;70;96028;
Soraya;Linke;f;Birsfelden;70;52849;
Ceylin;Stoll;f;Möhlin;23;98890;
Miley;Heinze;f;Luzern;64;48268;
Jenna;Kirsch;f;Lancy;21;88175;
Alia;Henning;f;Yverdon-les-Bains;66;74904;
Felicia;Mann;f;Dietikon;22;96910;
Kaja;Erdmann;f;Baar;26;46505;
Lilia;Strauß;f;Carouge;34;41894;
Talea;Berndt;f;Kreuzlingen;70;94565;
Viola;Konrad;f;Aarau;57;40787;
Ecrin;Hauser;f;Vevey;31;86897;
Melek;Henkel;f;Bülach;70;40501;
Nike;Bartels;f;Muttenz;29;93537;
Verena;Adler;f;Olten;69;52840;
Felia;Burger;f;Adliswil;21;98011;
Yagmur;Nolte;f;Opfikon;48;44087;
Joy;Kuhlmann;f;Ostermundigen;23;87570;
Loreen;Klaus;f;Steffisburg;28;78258;
Helin;Hamann;f;Langenthal;21;44577;
Jona;Steffen;f;Cham;23;43974;
Lola;Brenner;f;Morges;52;65714;
Malena;Rauch;f;Binningen;26;69311;
Romina;Preuß;f;Schwyz;63;82959;
Dalia;Herold;f;Küsnacht;22;99330;
Tina;Vollmer;f;Spiez;70;94969;
Feyza;Straub;f;Brig-Glis;25;53994;
Fine;Strobel;f;Richterswil;68;41905;
Eliza;Zander;f;Zollikon;70;74209;
Maileen;Betz;f;Münchenstein;23;86270;
Amara;Glaser;f;Prilly;34;48463;
Femke;Schade;f;Brugg;21;93053;
Jenny;Zeller;f;Birsfelden;39;40742;
Joyce;Seiler;f;Basel;22;43397;
Luzi;Wieland;f;Kriens;69;92991;
Neyla;Merkel;f;Dübendorf;39;40508;
Nisanur;Falk;f;Montreux;23;89134;
Phoebe;Busse;f;Dietikon;70;50691;
Vera;Greiner;f;Baar;69;47995;
Andrea;Seidl;f;Wettingen;63;96307;
Maren;Oswald;f;Nyon;26;49901;
Arina;Schott;f;Bülach;69;82537;
Luca;Weidner;f;Olten;55;96692;
Mette;Hiller;f;Regensdorf;23;44205;
Narin;Seeger;f;Adliswil;57;40674;
Rafaela;Mack;f;Solothurn;21;85116;
Ruth;Schuler;f;Grenchen;45;40504;
Sharon;Appel;f;Freienbach;30;43160;
Esther;Opitz;f;Ostermundigen;22;97881;
Liyana;Hecht;f;Burgdorf;50;41130;
Ylva;Neuhaus;f;Morges;58;98858;
Acelya;Giese;f;Binningen;28;81433;
Grace;Reimer;f;Thônex;69;42591;
Lilli;Hensel;f;Rüti;30;63662;
Sara;Eichler;f;Gland;31;49750;
Finnja;Heise;f;Ecublens;31;57164;
Isabel;Rösch;f;Affoltern;53;97495;
Marah;Bürger;f;Bassersdorf;21;95176;
Karla;Specht;f;Spreitenbach;29;97805;
Annie;Schick;f;Chêne-Bougeries;23;43301;
Leyla;Haller;f;Weinfelden;68;92538;
Alyssa;Thoma;f;Aesch;70;64275;
Haylie;Kempf;f;Möhlin;45;49593;
Mayra;Brauer;f;Yverdon-les-Bains;21;99567;
Meike;Elsner;f;Dietikon;22;89502;
Hedy;Langner;f;Renens;32;66653;
Henrike;Korn;f;Gossau;68;42163;
Jonas;Schütt;m;Regensdorf;66;53582;
Julian;Hartl;m;Opfikon;23;96362;
Henry;Schaaf;m;Burgdorf;60;95700;
Emil;Lippert;m;Cham;60;41204;
Leo;Reinhold;m;Liestal;26;79419;
Lennard;Rost;m;Versoix;38;56421;
Linus;Hecker;m;Muri;22;83166;
Florian;Bahr;m;Zollikon;27;98762;
Julius;Höhne;m;Rheinfelden;59;68664;
Ole;Sprenger;m;Ecublens;38;44084;
Jannis;Blume;m;Münsingen;39;54815;
Tobias;Hofer;m;Val-de-Travers;70;41247;
Johann;Janke;m;Pfäffikon;24;78595;
Phil;Ruppert;m;Genf;22;97366;
Michael;Zink;m;Neuenburg;22;44610;
Emilio;Ebner;m;Dübendorf;40;76967;
Lias;Pfeffer;m;Meyrin;29;44022;
Franz;Rößler;m;Baden;44;96905;
Hugo;Thomsen;m;Onex;59;40684;
Fabio;Bartel;m;Schlieren;65;99147;
Malik;Hampel;m;Solothurn;49;94638;
Yusuf;Küster;m;Langenthal;57;63247;
Lion;Brendel;m;Binningen;21;96325;
Eddi;Widmann;m;Küsnacht;23;64623;
Janne;Becher;m;Zollikon;33;96902;
Magnus;Otten;m;Ittigen;25;40914;
Nevio;Reinke;m;Altstätten;25;87995;
Arian;Gläser;m;Pfäffikon;28;40458;
Roman;Stange;m;Männedorf;70;49613;
Peter;Hacker;m;Hinwil;50;99564;
Deniz;Cremer;m;Birsfelden;54;75090;
Mailo;Reiser;m;Möhlin;67;56609;
Ricardo;Herr;m;Luzern;51;90443;
Enno;Kersten;m;Lancy;25;82860;
Jesper;Pabst;m;Kriens;22;43533;
Titus;Janzen;m;Montreux;67;51510;
Mustafa;Apel;m;Frauenfeld;26;97073;
Jaron;Friedl;m;Meyrin;49;56402;
Ruben;Ehlert;m;Riehen;23;78964;
Claas;Cramer;m;Renens;21;91985;
Tammo;Frisch;m;Aarau;33;55320;
Cedric;Grund;m;Allschwil;39;41056;
Lino;Brandes;m;Vevey;50;93709;
Mirac;Yilmaz;m;Regensdorf;53;44608;
Efe;Backhaus;m;Opfikon;69;51609;
Eymen;Bucher;m;Wohlen;58;96056;
Aras;Michael;m;Einsiedeln;24;97539;
Tamme;Rösler;m;Küsnacht;70;89728;
Arda;Zeidler;m;Oftringen;33;40609;
Jarne;Welsch;m;Münchenstein;65;40639;
Jim;Schultze;m;Delsberg;47;44656;
Rayan;Seibel;m;Buchs;54;64509;
Emirhan;Köhn;m;Ecublens;39;58947;
Jonne;Kunert;m;Bassersdorf;62;99292;
Kalle;Bräuer;m;Ittigen;52;97515;
Damon;Aigner;m;Val-de-Travers;39;75367;
Enrico;Wulff;m;Zofingen;25;71573;
Marek;Berner;m;Arth;43;71344;
Jesse;Eilers;m;Chêne-Bougeries;66;72235;
Jarno;Scheel;m;Le;43;62743;
Maddox;Kratz;m;Möhlin;28;98157;
Marlo;Backes;m;Zürich;70;82902;
Elija;Zöller;m;Lausanne;29;93819;
Dion;Weigand;m;Köniz;68;42216;
Lewis;Dietze;m;Zug;52;51834;
Amar;Henrich;m;Dietikon;42;44823;
Ismail;Grube;m;Baar;70;96910;
Logan;Dreier;m;Horgen;61;51924;
Mete;Reimers;m;Wil;54;43657;
Jenke;Jaeger;m;Bülach;63;94607;
Tiago;Müller;m;Olten;23;96756;
Gian;Fischer;m;Monthey;28;97489;
Hennes;Weber;m;Schlieren;58;50045;
Kirill;Meyer;m;Martigny;54;81226;
Lorik;Wagner;m;Solothurn;49;82549;
Maris;Krause;m;Küsnacht;64;47933;
Edwin;Walter;m;Brig-Glis;27;45153;
Juri;Schulze;m;Oftringen;21;58380;
Sammy;Möller;m;Lyss;21;98815;
Ansgar;Frank;m;Villars-sur-Glâne;25;41044;
Ilay;Baumann;m;Ittigen;27;59797;
Jay;Schuster;m;Münsingen;70;44894;
Merlin;Simon;m;Val-de-Travers;65;63501;
Denny;Martin;m;Oberwil;69;95462;
Jascha;Jäger;m;Hinwil;70;97845;
Tarik;Sommer;m;Le;70;92693;
Vinzenz;Haas;m;Möhlin;21;42074;
Louis;Thomas;m;Neuenburg;43;55461;
Eric;Seifert;m;Yverdon-les-Bains;22;76217;
Tayler;Nagel;m;Bulle;51;68529;
Arthur;Grimm;m;Horgen;64;45435;
Eliah;Langer;m;Kloten;21;99219;
Finley;Haase;m;Bülach;51;53641;
Eddy;Fiedler;m;Pully;23;86392;
Marcus;Kraft;m;Adliswil;64;63158;
Karlo;Michel;m;Monthey;48;97198;
Janek;Thiele;m;Binningen;36;52015;
Yven;Schramm;m;Schwyz;70;92714;
Nikolai;Hein;m;Einsiedeln;29;64337;
Lena;Schulz;f;Biel/Bienne;36;68227;
Amelie;Koch;f;Freiburg;28;99364;
Lilly;Klein;f;Neuenburg;22;42570;
Mila;Werner;f;Dietikon;39;51541;
Alina;Lange;f;Frauenfeld;35;98177;
Lotta;Meier;f;Baar;57;80350;
Julia;Maier;f;Riehen;69;63279;
Paula;König;f;Allschwil;21;91296;
Stella;Beck;f;Olten;53;50164;
Nina;Krämer;f;Pratteln;70;45501;
Milena;Otto;f;Morges;47;67919;
Chiara;Groß;f;Binningen;66;43756;
Mina;Seidel;f;Wallisellen;23;65825;
Celina;Götz;f;Zollikon;23;96585;
Julie;Ernst;f;Lyss;34;96822;
Kira;Hübner;f;Münchenstein;24;91282;
Jette;Beyer;f;Mendrisio;70;40600;
Lotte;Barth;f;Davos;21;98061;
Juna;Ritter;f;Pfäffikon;21;99024;
Lynn;Langer;f;Oberwil;22;99563;
Alisa;Kraft;f;Basel;32;58515;
Leona;Kunze;f;Renens;28;75650;
Tilda;Seitz;f;Kreuzlingen;70;83455;
Liv;Büttner;f;Allschwil;62;98112;
Linea;Stahl;f;Wil;50;45287;
Malia;Dietz;f;Onex;43;57937;
Josie;Göbel;f;Illnau-Effretikon;22;40850;
Melia;Böhme;f;Binningen;21;99071;
Jill;Döring;f;Meilen;37;48077;
Rieke;Bruns;f;Brig-Glis;64;44300;
Amina;Wendt;f;Richterswil;26;59108;
Ayla;Wolter;f;Oftringen;22;66934;
Mailin;Rose;f;Zollikon;40;41114;
Malina;Kohl;f;Prilly;27;43337;
Nicole;Kolb;f;Villars-sur-Glâne;66;45155;
Liya;Renner;f;Ecublens;69;93372;
Tamara;Hinz;f;Münsingen;66;46775;
Talia;Baier;f;Zofingen;57;49613;
Eliana;Will;f;Männedorf;64;40582;
Sonja;Reich;f;Weinfelden;36;87942;
Alisha;Funk;f;Hinwil;23;41096;
Elaine;Keil;f;Belp;40;41261;
Jolie;Witte;f;Le;68;51543;
Svenja;Held;f;Zürich;22;40455;
Jamie;Noack;f;Genf;67;73528;
Saskia;Baum;f;Lugano;59;53163;
Tiana;Schön;f;Biel/Bienne;21;50530;
Abby;Wimmer;f;Thun;70;76567;
Ann;Stadler;f;Schaffhausen;69;63117;
Cara;Hammer;f;Vernier;66;94075;
Alexia;Karl;f;Dübendorf;67;97737;
Joana;Lemke;f;Wetzikon;26;74155;
Anouk;Jacob;f;Allschwil;58;95953;
Levke;Henke;f;Nyon;47;99383;
Aimee;Wiese;f;Reinach;37;43655;
Naemi;Klose;f;Baden;34;75422;
Claire;Baur;f;Solothurn;39;41815;
Eslem;Blank;f;Locarno;64;95910;
Fatima;Wild;f;Stäfa;31;82086;
Zara;Hummel;f;Wallisellen;40;98759;
Zehra;Beier;f;Arbon;64;86536;
Elea;Christ;f;Horw;30;43506;
Katja;Funke;f;Uzwil;27;79852;
Melis;Haupt;f;Muri;70;98842;
Vivian;Merz;f;Glarus;70;91094;
Eleni;Knoll;f;Ebikon;25;97550;
Enni;Rausch;f;Rüti;69;96218;
Franka;Bode;f;Rheinfelden;66;40623;
Maxi;Anders;f;Delsberg;21;69608;
Ada;Hartung;f;Mendrisio;70;66073;
Liz;Reichel;f;Buchs;31;91930;
Lou;Lohmann;f;Davos;30;42914;
Lydia;Diehl;f;Ecublens;70;45572;
Stina;Rothe;f;Ittigen;22;74097;
Megan;Kroll;f;Zofingen;21;48457;
Sandra;Heck;f;Möhlin;32;43417;
Defne;Lauer;f;Köniz;66;98850;
Denise;Benz;f;Schaffhausen;27;87840;
Maxima;Born;f;Rapperswil-Jona;21;44125;
Ziva;Moritz;f;Meyrin;57;73146;
Alya;Stumpf;f;Wädenswil;70;94181;
Nilay;Geyer;f;Monthey;70;40489;
Summer;Pape;f;Illnau-Effretikon;68;56796;
Elanur;Wulf;f;Siders;64;96866;
Isa;Wiesner;f;Steffisburg;53;59957;
Nadine;Moll;f;Pratteln;70;40664;
Damla;Heuer;f;Stäfa;70;54589;
Rahel;Runge;f;Muri;69;91608;
Timea;Riedl;f;Spiez;30;98157;
Hanna;Pfaff;f;Glarus;21;80023;
Maya;Engels;f;Münchenstein;22;95967;
Liah;Scholl;f;Worb;39;66645;
Emelie;Timm;f;Buchs;27;51265;
Lucie;Stolz;f;Münsingen;23;42174;
Louise;Walz;f;Altstätten;21;40767;
Teresa;Dick;f;Val-de-Travers;50;99041;
Marta;Geier;f;Zofingen;64;99572;
Sinah;Klotz;f;Brugg;69;93233;
Kyra;Börner;f;Belp;21;61822;
Evelin;Haug;f;Chur;25;66904;
Nayla;Knapp;f;Lancy;68;97093;
Josy;Paulus;f;Kriens;56;49500;
Ylvie;Hauck;f;Dübendorf;70;76676;
Rike;Dreyer;f;Frauenfeld;24;82769;
Marike;Abel;f;Allschwil;22;99416;
Bianka;Pütz;f;Bulle;21;97520;
Luka;Thieme;f;Bellinzona;25;41505;
Leon;Nguyen;m;Monthey;26;42006;
Luis;Kemper;m;Schlieren;30;59522;
Lukas;Knorr;m;Martigny;21;67006;
Felix;Große;m;Grenchen;21;40398;
Noah;Gerdes;m;Freienbach;67;99037;
Elias;Stöhr;m;Illnau-Effretikon;27;54600;
David;Höfer;m;Binningen;28;97435;
Anton;Theis;m;Einsiedeln;34;41267;
Matteo;Ries;m;Arbon;39;99003;
Simon;Evers;m;Küsnacht;27;40416;
Nico;Kunkel;m;Amriswil;21;40628;
Nick;Hering;m;Lyss;39;86260;
Daniel;Höhn;m;Villars-sur-Glâne;55;97914;
Colin;Drews;m;Altstätten;69;96660;
Lenny;Kurth;m;Zofingen;63;69130;
Milan;Groth;m;Arth;28;79932;
John;Wacker;m;Brugg;33;88727;
Timo;Jahnke;m;Hinwil;70;96415;
Levin;Götze;m;Veyrier;45;77801;
Malte;Späth;m;Lugano;70;97319;
Noel;Hafner;m;Biel/Bienne;36;41008;
Sam;Pfister;m;Chur;34;88670;
Bruno;Wille;m;Sitten;70;50320;
Marc;Heinen;m;Emmen;44;54797;
Luke;Balzer;m;Zug;22;57663;
Silas;Krieg;m;Montreux;69;52651;
Elia;Gehrke;m;Riehen;70;99148;
Connor;Reiß;m;Horgen;21;75649;
Dean;Schöne;m;Reinach;25;93629;
Fritz;Hoyer;m;Gossau;68;90901;
Marco;Sachs;m;Adliswil;69;99488;
Martin;Grau;m;Opfikon;62;67937;
Lorenz;Orth;m;Ostermundigen;69;69831;
Len;Stiller;m;Pratteln;22;47474;
Gustav;Rühl;m;Worb;23;88990;
Mert;Schatz;m;Davos;21;99442;
Chris;Kolbe;m;Ecublens;40;40999;
Thore;Kling;m;Affoltern;65;98160;
Robert;Muth;m;Münsingen;21;96544;
Yasin;Horst;m;Val-de-Travers;39;46922;
Nino;Riemer;m;Belp;48;86987;
Alex;Behnke;m;Aesch;46;92248;
Curt;Kübler;m;Lugano;60;51480;
Dario;Spies;m;Biel/Bienne;21;94016;
Georg;Stamm;m;Neuenburg;25;96774;
Aiden;Resch;m;Yverdon-les-Bains;23;47059;
Domenic;Neu;m;Zug;21;99475;
Enes;Kleine;m;Rapperswil-Jona;27;87764;
Mikail;Löhr;m;Wetzikon;24;99237;
Edgar;Wilms;m;Bulle;25;65704;
Leif;Enders;m;Nyon;65;99133;
Hanno;Brück;m;Bülach;61;59833;
Ahmed;Lukas;m;Bellinzona;30;45776;
Miguel;Rode;m;Muttenz;49;96292;
Semih;Adams;m;Adliswil;23;97756;
Mario;Petry;m;Solothurn;64;52999;
Erwin;Hille;m;Herisau;22;85534;
Kenan;Lerch;m;Wallisellen;66;56583;
Kuzey;Jonas;m;Arbon;70;93528;
Selim;Budde;m;Thônex;63;85805;
Hassan;Ochs;m;Meilen;21;48553;
Kerim;Brehm;m;Spiez;30;40468;
Danilo;Wüst;m;Glarus;21;59362;
Eren;Küpper;m;Amriswil;42;92436;
Jean;Meurer;m;Villars-sur-Glâne;29;52779;
Lucien;Ebel;m;Worb;23;47033;
Caspar;Pahl;m;Belp;37;54083;
Berkay;Post;m;Thun;40;41372;
Gregor;Hill;m;Schaffhausen;40;98208;
Jano;Andres;m;Freiburg;21;92482;
Jordan;Hopf;m;Yverdon-les-Bains;22;97936;
Veit;Linder;m;Montreux;40;45888;
Lucian;Wurm;m;Riehen;60;41483;
Miko;Kummer;m;Wädenswil;66;73694;
Alfred;Ertl;m;Renens;56;40707;
Younes;Bähr;m;Reinach;21;53765;
Tamino;März;m;Baden;46;46403;
Johnny;Hopp;m;Volketswil;54;98102;
Loris;Boldt;m;Muttenz;24;52149;
Luiz;Becker;m;Grenchen;22;41235;
Peer;Schulz;m;Freienbach;28;83036;
Tommy;Bauer;m;Siders;62;43572;
Baran;Klein;m;Burgdorf;46;65024;
Leano;Braun;m;Cham;22;41145;
Gero;Schmid;m;Stäfa;59;62892;
Ivan;Werner;m;Wallisellen;26;43670;
Jakub;König;m;Richterswil;21;50506;
Kiyan;Fuchs;m;Glarus;21;62379;
Eyüp;Berger;m;Ecublens;22;50800;
Jimmy;Kraus;m;Altstätten;56;42201;
Azad;Winter;m;Pfäffikon;66;45404;
Evan;Krämer;m;Chêne-Bougeries;21;45826;
Neven;Stein;m;Birsfelden;53;64058;
Pierre;Otto;m;Belp;21;48562;
Joe;Schulte;m;Luzern;23;86929;
Simeon;Horn;m;Schaffhausen;26;65060;
Fynn;Arnold;m;Chur;43;56437;
Henri;Busch;m;Uster;46;83777;
Jacob;Voigt;m;Lancy;68;41626;
Niels;Beyer;m;Dietikon;66;40437;
Jonah;Wolff;m;Frauenfeld;61;41141;
Janis;Barth;m;Riehen;70;99542;
Dominik;Ott;m;Carouge;29;49569;
Maksim;Paul;m;Renens;63;44959;
Tony;Hansen;m;Allschwil;21;41488;
Marwin;Bock;m;Vevey;54;89198;
Conner;Mohr;m;Baden;60;99603;
Bryan;Arndt;m;Solothurn;30;61559;
Tilo;Eckert;m;Grenchen;24;97032;
Viktor;Berg;m;Siders;25;61954;
Cedrik;Frey;m;Langenthal;24;45664;
Ahmet;Ebert;m;Cham;35;63888;
Mia;Müller;f;Zürich;33;88319;
Anna;Weber;f;Bern;57;47979;
Lina;Bauer;f;Schaffhausen;22;46111;
Luisa;Wolf;f;Vernier;64;97557;
Lara;Braun;f;Emmen;38;75274;
Pia;Schmid;f;Montreux;32;65505;
Ida;Krause;f;Meyrin;69;79511;
Lia;Walter;f;Aarau;25;94254;
Ella;Fuchs;f;Horgen;68;41606;
Nora;Kraus;f;Grenchen;30;43241;
Jule;Simon;f;Illnau-Effretikon;69;78944;
Elena;Graf;f;Einsiedeln;31;75792;
Elif;Peter;f;Villars-sur-Glâne;60;54405;
Hailey;Ott;f;Bassersdorf;34;93212;
Lucia;Paul;f;Ittigen;28;96607;
Mona;Nagel;f;Val-de-Travers;56;40975;
Lana;Grimm;f;Zofingen;67;58511;
Marla;Lutz;f;Belp;69;89987;
Tessa;Jahn;f;Le;52;98943;
Svea;Hoppe;f;Genf;33;48378;
Milla;Marx;f;Bern;68;95475;
Lene;Ebert;f;Emmen;70;41815;
Alma;Hesse;f;Baar;66;70160;
Amira;Adam;f;Kloten;58;40529;
Tuana;Kurz;f;Gossau;43;78933;
Jonna;Witt;f;Volketswil;70;96026;
Azra;Brand;f;Siders;66;44117;
Enna;Wirth;f;Burgdorf;39;41109;
Enie;Urban;f;Morges;25;48471;
Malin;Kopp;f;Arbon;30;99603;
Heidi;John;f;Mendrisio;69;42867;
Nika;Münch;f;Worb;48;46634;
Milana;Rau;f;Ittigen;56;67811;
Asya;Wilke;f;Altstätten;29;98726;
Mary;Rohde;f;Pfäffikon;29;91481;
Hedi;Röder;f;Uster;66;41952;
Esila;Popp;f;Kriens;27;70399;
Naomi;Wahl;f;Bellinzona;33;66793;
Sena;Kühne;f;Burgdorf;51;75563;
Tara;Kluge;f;Pratteln;27;95632;
Adele;Haag;f;Amriswil;48;97001;
Janna;Beer;f;Lyss;51;40999;
Tamia;Weis;f;Münsingen;21;95425;
Anisa;Dörr;f;Spreitenbach;70;51572;
Nea;Freund;f;Arth;24;65311;
Dila;Weise;f;Freiburg;45;99334;
Ruby;Gross;f;Frauenfeld;60;59879;
Fanny;Buck;f;Kreuzlingen;65;42068;
Jolin;Heil;f;Bulle;47;83620;
Tia;Weigel;f;Baden;21;97348;
Fatma;Noll;f;Wallisellen;21;47430;
Lale;Klemm;f;Küsnacht;51;90529;
Zoé;Weller;f;Prilly;70;84515;
Kiara;Volk;f;Arth;21;69376;
Mayla;Otte;f;Oberwil;63;78748;
Yuna;Uhlig;f;Basel;26;84184;
Linn;Wirtz;f;Bern;37;91985;
Emmy;Fries;f;Freiburg;42;55534;
Jonah;Kühl;f;Nyon;34;40454;
Sydney;Uhl;f;Wil;69;93256;
Max;Lehner;m;Siders;70;65012;
Tim;Mielke;m;Ostermundigen;25;41282;
Jakob;Behr;m;Locarno;54;83292;
Tom;Weiler;m;Langenthal;23;97941;
Jona;Amann;m;Mendrisio;70;88992;
Aaron;Lück;m;Buchs;70;44098;
Maxim;Just;m;Chêne-Bougeries;23;98022;
Tyler;Rehm;m;Schaffhausen;51;94343;
Artur;Roos;m;Vernier;69;40502;
Lars;Bosch;m;Frauenfeld;59;95810;
Adam;Frick;m;Vevey;26;45982;
Piet;Trapp;m;Wil;53;51038;
Arne;Henze;m;Herisau;21;99125;
Ali;Kühnel;m;Uzwil;66;40693;
Kian;Hager;m;Münchenstein;21;91725;
Willi;Keck;m;Gland;23;44225;
Luan;Petri;m;Villars-sur-Glâne;33;94694;
Fiete;Doll;m;Zofingen;70;46226;
Jack;Pauli;m;Vernier;69;99209;
Kaan;Ewald;m;Uster;61;57836;
Miran;Volz;m;Wettingen;69;42403;
Romeo;Hamm;m;Kloten;56;96656;
Sami;Stern;m;Volketswil;62;41368;
Sinan;Henn;m;Monthey;21;41662;
Xaver;Hack;m;Freienbach;22;42253;
Cem;Körber;m;Morges;21;95574;
Amin;Hardt;m;Richterswil;35;98916;
Sean;Haack;m;Mendrisio;70;76369;
Timur;Reif;m;Spreitenbach;66;43222;
Otto;Raabe;m;Brugg;69;82889;
Bilal;Bolz;m;Birsfelden;39;78121;
Mahir;Hoch;m;Veyrier;21;76997;
Jamal;Palm;m;Emmen;69;99122;
Pius;Krohn;m;Rapperswil-Jona;40;98208;
Sirac;Hoff;m;Wettingen;67;40933;
Dylan;Zorn;m;Kreuzlingen;66;49276;
Alan;Heger;m;Gossau;67;99087;
Arjen;Lenk;m;Onex;51;86887;
Yunus;Koch;m;Ostermundigen;34;44074;
Björn;Wolf;m;Pratteln;23;44462;
Ege;Krüger;m;Einsiedeln;70;64326;
Kimi;Lange;m;Arbon;67;90704;
Luuk;Meier;m;Thônex;42;98303;
Miro;Maier;m;Horw;70;45101;
Vito;Mayer;m;Muri;44;40558;
Meo;Kaiser;m;Amriswil;25;40915;
Ron;Peters;m;Zollikon;25;40511;
Adem;Vogel;m;Gland;36;40590;
Josua;Böhm;m;Spreitenbach;21;48780;
Ahmad;Graf;m;Veyrier;59;40805;
Ethan;Kuhn;m;Winterthur;27;42083;
Nelio;Kühn;m;Biel/Bienne;70;42351;
René;Engel;m;Thun;70;41853;
Luka;Sauer;m;Freiburg;32;68391;
Oscar;Götz;m;Emmen;60;54886;
Mads;Ernst;m;Kriens;57;92505;
Niko;Franz;m;Montreux;21;98145;
Karl;Peter;m;Wetzikon;37;61909;
Luc;Ritter;m;Reinach;22;73987;
Marko;Lutz;m;Volketswil;67;45496;
Willy;Marx;m;Schlieren;28;41014;
Tore;Fritz;m;Martigny;24;49968;
Ayden;Kunz;m;Steffisburg;33;51548;
Jost;Bayer;m;Stäfa;69;40776;
Lea;Meyer;f;Winterthur;37;74466;
Jana;Lang;f;Reinach;66;94280;
Amy;Vogel;f;Volketswil;69;40523;
Mira;Roth;f;Muttenz;49;41499;
Anni;Kühn;f;Uzwil;64;42799;
Zoey;Pohl;f;Meilen;61;97109;
Sina;Horn;f;Spiez;51;52621;
Kim;Wolff;f;Prilly;67;69753;
Elli;Bock;f;Männedorf;63;93933;
Thea;Mohr;f;Brugg;29;40385;
Nala;Kunz;f;Chur;66;83135;
Dana;Hein;f;Dübendorf;31;76106;
Ina;Bayer;f;Montreux;37;58980;
Rosa;Blum;f;Opfikon;62;40610;
Ava;Stark;f;Steffisburg;21;42462;
Nela;Link;f;Liestal;34;67514;
Maike;May;f;Spiez;69;98539;
Elsa;Krug;f;Zug;24;77536;
Marit;Heß;f;Riehen;70;41046;
Anja;Jost;f;Einsiedeln;65;78104;
Alva;Holz;f;Küssnacht;27;95165;
Leia;Rupp;f;Worb;22;50164;
Sila;Eder;f;Bassersdorf;24;79952;
Cleo;Metz;f;Val-de-Travers;21;43243;
Nila;Rapp;f;Aesch;49;40806;
Tanja;Bär;f;Lugano;40;68342;
Nia;Block;f;Vevey;58;43875;
Nova;Heim;f;Kloten;23;76100;
Ceren;Ruf;f;Einsiedeln;70;62257;
Leah;Zahn;f;Küssnacht;25;82820;
Nelli;Lux;f;Schaffhausen;42;77578;
Yara;Maas;f;Vernier;69;62394;
Kaya;Rabe;f;Kreuzlingen;38;50476;
Leya;Kahl;f;Baden;51;51556;
Paul;Vogl;m;Olten;69;46182;
Mika;Pilz;m;Spiez;22;68701;
Theo;Klug;m;Glarus;21;88891;
Joel;Damm;m;Spreitenbach;56;47984;
Levi;Renz;m;Lausanne;39;80619;
Jason;Alt;m;Thun;57;83249;
Pepe;Lotz;m;Yverdon-les-Bains;31;40422;
Can;Reitz;m;Versoix;64;40384;
Kai;Lampe;m;Glarus;64;95139;
Ömer;Grün;m;Dübendorf;48;58961;
Hans;Herz;m;Locarno;36;97933;
Lutz;Rahn;m;Liestal;21;83917;
Jake;Reis;m;Lyss;48;98012;
Musa;Lang;m;Küssnacht;31;43551;
Raul;Weiß;m;Ebikon;50;40673;
Said;Jung;m;Rheinfelden;57;63657;
Jari;Vogt;m;Weinfelden;21;90236;
Rick;Groß;m;Aesch;70;42955;
Mark;Lenz;m;Nyon;37;74966;
Lenn;Jahn;m;Muttenz;24;50798;
Kay;Thiel;m;Olten;42;89795;
Eva;Böhm;f;Freienbach;51;57163;
Ela;Kern;f;Buchs;70;95677;
Anne;Voß;f;Frauenfeld;36;49182;
Ivy;Voss;f;Aarau;69;43373;
Jil;Rath;f;Montreux;69;44757;
Ben;Bohn;m;Thalwil;49;49988;
Toni;Lau;m;Basel;43;41213;
Neo;Veit;m;Olten;65;96275;
Milo;Süß;m;Steffisburg;39;42263;
Ian;Loos;m;Burgdorf;25;48229;
Ria;Mai;f;Luzern;26;45717;
Bo;Beck;m;Buchs;23;98055;
